Month,Total Interest Paid,Total Principal Paid,Total Early Payoff,Remaining Balance
1,1516640.0277824367,335180.34422306385,1572070.5882788848,312842047.067498
2,1507541.4192429793,344278.95276252326,1562488.8405736764,310935279.2741618
3,1498442.7873048643,353377.584700636,1552909.5084473041,309028992.1810139
4,1489344.1214474684,362476.2505580319,1543332.5796522791,307123183.35080355
5,1480245.4111530285,371574.9608524726,1533758.041949755,305217850.3480013
6,1471146.645906625,380673.7260988765,1524185.8831095137,303312990.7387929
7,1462047.815196164,389772.5568093383,1514616.090909918,301408602.09107363
8,1452948.908512347,398871.46349315456,1505048.6531379013,299504681.9744426
9,1443849.9153486579,407970.45665684406,1495483.5575889274,297601227.96019685
10,1434750.8252013286,417069.5468041714,1485920.7920669613,295698237.62132573
11,1425651.6275693304,426168.74443617184,1476360.344384448,293795708.5325051
12,1416552.3119543353,435268.0600511688,1466802.202362269,291893638.27009165
13,1407452.867860701,444367.50414480164,1457246.3538297347,289992024.4121171
14,1398353.2847954575,453467.0872100453,1447692.786624535,288090864.5382825
15,1389253.5522682664,462566.819737235,1438141.4885927297,286190156.2299526
16,1380153.6597914142,471666.71221408766,1428592.4475886922,284289897.0701498
17,1371053.5968797777,480766.77512572333,1419045.6514751194,282390084.64354897
18,1361953.3530508145,489867.0189546871,1409501.088122971,280490716.5364713
19,1352852.9178245217,498967.4541809805,1399958.7454114521,278591790.3368789
20,1343752.2807234316,508068.091282069,1390418.6112279836,276693303.63436884
21,1334651.431272583,517168.9407329168,1380880.673468179,274795254.02016777
22,1325550.3589994956,526270.0130060053,1371344.9200358088,272897639.08712596
23,1316449.0534341477,535371.3185713548,1361811.3388427752,271000456.4297118
24,1307347.5041089559,544472.867896546,1352279.9178090761,269103703.6440062
25,1298245.7005587541,553574.6714467463,1342750.6448627978,267207378.32769665
26,1289143.6323207708,562676.7396847294,1333223.5079400602,265311478.08007187
27,1280041.2889346033,571779.0830708981,1323698.4949850042,263416000.50201598
28,1270938.6599421944,580881.7120633088,1314175.5939497629,261520943.1960029
29,1261835.7348878132,589984.6371176892,1304654.792794426,259626303.76609078
30,1252732.5033180374,599087.8686874646,1295136.0794870178,257732079.8179163
31,1243628.9547817216,608191.4172237806,1285619.4420034604,255838268.95868906
32,1234525.0788299772,617295.2931755255,1276104.8683275685,253944868.79718596
33,1225420.865016156,626399.5069893465,1266592.3464509847,252051876.9437456
34,1216316.3028958207,635504.0691096816,1257081.864373179,250159291.01026276
35,1207211.3820267282,644608.9899787754,1247573.4101014226,248267108.61018255
36,1198106.0919687974,653714.2800367052,1238066.9716507294,246375327.35849512
37,1189000.4222841035,662819.949721397,1228562.5370438688,244483944.87172985
38,1179894.3625368436,671926.0094686586,1219060.0943113067,242592958.76794988
39,1170787.9022933103,681032.4697121928,1209559.6314911873,240702366.6667465
40,1161681.0311218838,690139.3408836185,1200061.1366293142,238812166.18923357
41,1152573.7385930016,699246.6334125014,1190564.5977791057,236922354.95804197
42,1143466.0142791276,708354.3577263729,1181070.003001579,235032930.597314
43,1134357.8477547562,717462.5242507483,1171577.3403653167,233143890.73269793
44,1125249.22859635,726571.1434091509,1162086.5979464443,231255232.99134234
45,1116140.1463823605,735680.2256231412,1152597.7638285975,229366955.0018906
46,1107030.5906931767,744789.7813123246,1143110.826102891,227479054.39447537
47,1097920.5511111126,753899.82089439,1133625.7728679052,225591528.80071306
48,1088810.017220383,763010.3547851198,1124142.592229642,223704375.8536983
49,1079698.9786070848,772121.3933984176,1114661.272301502,221817593.18799838
50,1070587.4248591722,781232.9471463293,1105181.801204261,219931178.4396478
51,1061475.3455664369,790345.0264390664,1095704.1670660425,218045129.2461427
52,1052362.730320479,799457.6416850224,1086228.3580222875,216159443.24643537
53,1043249.5687146971,808570.8032908035,1076754.3622157217,214274118.08092886
54,1034135.8503442537,817684.5216612496,1067282.1677963375,212389151.39147127
55,1025021.5648060585,826798.8071994424,1057811.7629213594,210504540.82135046
56,1015906.7016987511,835913.6703067498,1048343.1357552193,208620284.01528847
57,1006791.2506226698,845029.1213828331,1038876.2744695292,206736378.61943612
58,997675.2011798327,854145.1708256687,1029411.1672430522,204852822.2813674
59,988558.5429739235,863261.8290315799,1019947.8022616783,202969612.65007412
60,979441.2656102539,872379.1063952477,1010486.1677183957,201086747.37596047
61,970323.3586957571,881497.0133097449,1001026.2518132527,199204224.11083746
62,961204.8118389589,890615.5601665429,991568.0427533559,197322040.50791755
63,952085.6146499523,899734.7573555508,982111.5287528103,195440194.22180918
64,942965.7567403802,908854.6152651213,972656.698032721,193558682.90851134
65,933845.2277234136,917975.1442820875,963203.5388211474,191677504.2254081
66,924724.0172137293,927096.3547917736,953752.0393530829,189796655.83126324
67,915602.114827484,936218.2571780189,944302.1878704269,187916135.3862148
68,906479.5101822988,945340.8618232047,934853.9726219588,186035940.5517696
69,897356.1928972283,954464.1791082739,925407.3818633074,184156068.99079803
70,888232.1525927517,963588.219412751,915962.4038569272,182276518.36752835
71,879107.3788907372,972712.9931147646,906519.0268720688,180397286.3475415
72,869981.8614144301,981838.5105910733,897077.2391847527,178518370.59776568
73,860855.589788424,990964.7822170785,887637.029077743,176639768.78647086
74,851728.5536386458,1000091.8183668574,878198.38484052,174761478.5832635
75,842600.7425923228,1009219.6294131763,868761.2947692514,172883497.65908107
76,833472.1462779818,1018348.2257275218,859325.7471667678,171005823.6861868
77,824342.7543253948,1027477.617680105,849891.7303425341,169128454.33816415
78,815212.5563655938,1036607.8156399091,840459.2326126221,167251387.28991163
79,806081.5420308175,1045738.829974686,831028.242299686,165374620.21763724
80,796949.7009545106,1054870.6710509914,821598.7477329313,163498150.7988533
81,787817.0227712932,1064003.3492342078,812170.7372480968,161621976.712371
82,778683.4971169364,1073136.8748885673,802744.1991874126,159746095.63829502
83,769549.1136283474,1082271.258377155,793319.12189959,157870505.25801829
84,760413.8619435466,1091406.510061955,783895.4937397823,155995203.25421655
85,751277.7317016397,1100542.6403038618,774473.3030695636,154120187.31084314
86,742140.7125428041,1109679.6594626987,765052.5382569026,152245455.11312354
87,733002.7941082555,1118817.5778972467,755633.1876761327,150371004.34755015
88,723863.9660402425,1127956.405965257,746215.2397079265,148496832.70187697
89,714724.2179820135,1137096.1540234892,736798.6827392671,146622937.8651142
90,705583.5395777941,1146236.8324277066,727383.5051634334,144749317.52752307
91,696441.9204727735,1155378.45153273,717969.6953799529,142875969.38061038
92,687299.350313074,1164521.0216924273,708557.2417945898,141002891.11712337
93,678155.8187457382,1173664.5532597634,699146.1328193195,139130080.43104428
94,669011.3154186984,1182809.0565868034,689736.3568722887,137257535.0175852
95,659865.8299807596,1191954.5420247428,680327.9023778035,135385252.57318264
96,650719.3520815808,1201101.019923922,670920.7577662955,133513230.79549243
97,641571.8713716457,1210248.5006338581,661514.9114742933,131641467.38338427
98,632423.3775022472,1219396.9945032555,652110.3519444051,129769960.03693661
99,623273.8601254643,1228546.5118800383,642707.0676252831,127898706.45743129
100,614123.3088941394,1237697.0631113637,633305.046971601,126027704.34734832
101,604971.7134618539,1246848.6585436463,623904.2784440239,124156951.41036065
102,595819.063482918,1256001.308522584,614504.7505091919,122286445.35132888
103,586665.3486123334,1265155.0233931679,605106.4516396788,120416183.87629603
104,577510.5585057829,1274309.813499719,595709.370313982,118546164.69248232
105,568354.6828196034,1283465.6891858985,586313.495016483,116676385.50827993
106,559197.7112107674,1292622.6607947343,576918.8142374265,114806844.03324777
107,550039.6333368607,1301780.7386686406,567525.3164728972,112937537.97810623
108,540880.4388560568,1310939.933149443,558132.9902247846,111068465.05473201
109,531720.1174271066,1320100.2545783957,548741.824000769,109199622.97615285
110,522558.6587092997,1329261.713296202,539351.8063142834,107331009.45654237
111,513396.05236245855,1338424.3196430427,529962.9256844969,105462622.21121484
112,504232.2880469096,1347588.0839585923,520575.1706362819,103594458.95661996
113,495067.35542346013,1356753.0165820438,511188.5297001906,101726517.41033773
114,485901.24415338214,1365919.1278521186,501802.99141242844,99858795.29107319
115,476733.94389838795,1375086.4281071147,492418.5443148305,97991290.31865124
116,467565.44432060857,1384254.927684894,483035.1769548322,96124000.21401152
117,458395.735082572,1393424.6369229306,473652.87788544316,94256922.69920315
118,449224.80584718334,1402595.5661583191,464271.63566522487,92390055.4973796
119,440052.6462777009,1411767.7257277998,454891.4388582598,90523396.33279353
120,430879.246037718,1420941.1259677848,445512.27603412926,88656942.93079162
121,421704.59479113686,1430115.777214365,436134.1357678867,86790693.01780936
122,412528.6822021541,1439291.689803347,426757.00664003025,84924644.32136598
123,403351.49793523207,1448468.8740702716,417380.87723647925,83058794.57005922
124,394173.0316550797,1457647.34035042,408005.7361485447,81193141.49356025
125,384993.27302663587,1466827.0989788664,398631.5719729075,79327682.82260849
126,375812.21171504,1476008.1602904624,389258.3733115911,77462416.28900643
127,366629.83738561644,1485190.5346198874,379886.1287719336,75597339.62561461
128,357446.1397038526,1494374.2323016515,370514.826966566,73732450.56634639
129,348261.1083353723,1503559.2636701297,361144.4565133816,71867746.84616289
130,339074.7329459229,1512745.6390595792,351775.00603551656,70003226.20106779
131,329887.00320134574,1521933.3688041582,342406.46416131867,68138886.36810231
132,320697.9087675609,1531122.4632379417,333038.81952432275,66274725.085340045
133,311507.4393105424,1540312.9326949592,323672.06076322653,64410740.09188186
134,302315.5844962972,1549504.7875092071,314306.1765218641,62546929.127850786
135,293122.3339908456,1558698.038014656,304941.15544918145,60683289.934386946
136,283927.67746019736,1567892.694545305,295576.98619920906,58819820.25364243
137,274731.604570333,1577088.7674351695,286213.6574310371,56956517.828776225
138,265534.10498718027,1586286.267018319,276851.1578087904,55093380.40394912
139,256335.16837659437,1595485.2036289072,267489.47600160184,53230405.72431861
140,247134.78440433572,1604685.5876011658,258128.6006835881,51367591.536033854
141,237932.94273604962,1613887.4292694523,248768.520533823,49504935.586230576
142,228729.63303724275,1623090.7389682585,239409.22423631273,47642435.623026006
143,219524.84497326522,1632295.5270322382,230050.70047996953,45780089.395513795
144,210318.56820928646,1641501.803796219,220692.93795858888,43917894.65375899
145,201110.7924102755,1650709.5795952275,211335.92537081972,42055849.14879294
146,191901.507240978,1659918.864764523,201979.65142014276,40193950.63260827
147,182690.70236589835,1669129.6696396016,192624.10481484426,38332196.85815383
148,173478.3674492736,1678342.004556227,183269.2742679889,36470585.57932961
149,164264.49215505732,1687555.8798504437,173915.14849739673,34609114.55098177
150,155049.0661468941,1696771.3058586095,164561.71622561692,32747781.528897543
151,145832.07908810102,1705988.2929174004,155208.9661799018,30886584.269800242
152,136613.52064164446,1715206.851363859,145856.88709218297,29025520.5313442
153,127393.38047012045,1724426.9915353837,136505.46769904494,27164588.072109774
154,118171.64823573342,1733648.723769769,127154.69674170094,25303784.651598305
155,108948.31360027412,1742872.0584052277,117804.56296596628,23443108.03022711
156,99723.366225098,1752097.0057804042,108455.05512223435,21582555.96932447
157,90766.02850271364,1674871.0966660117,99741.41808632594,19807943.454572134
158,82418.4803302675,1592918.0268851193,91518.88076666261,18123506.54692035
159,74626.7762896673,1512837.475135946,83722.21395189638,16526946.85783251
160,67367.12850451272,1434418.1079918942,76343.71146095621,15016185.03837966
161,60662.43786547036,1359835.7232632795,69400.67388739435,13586948.641228985
162,54415.219705148134,1289250.1484649905,62821.21523604645,12234877.277527949
163,48648.47662016518,1203183.6234899906,56731.96214676432,10974961.691891193
164,43391.324708624765,1127073.6330419017,51040.19288136532,9796847.865967926
165,38556.34350767464,1071962.051952694,45623.43209583392,8679262.381919397
166,34011.43369852594,1007431.7694090354,40521.986339700336,7631308.626170661
167,29869.009460745456,942449.8561382301,35803.83300828409,6653054.937024147
168,26055.410451406646,888056.1159776348,31351.652797610266,5733647.168248902
169,22528.7419476185,835178.2456651434,27177.712305769415,4871291.2102779895
170,19244.48396918244,782773.3740548489,23250.255844479005,4065267.580378662
171,16294.835410456342,719526.1435482232,19728.393181793348,3326013.0436486453
172,13667.777354367898,644197.8637149184,16616.546475961626,2665198.6334577654
173,11340.242826460735,587719.7537203693,13742.704258137284,2063736.1754792589
174,9289.462107174973,525209.9602468499,11216.234251788797,1527309.9809806203
175,7479.425470960785,476468.72165963054,8904.928854983262,1041936.3304660064
176,5903.3606579001,419255.5762467566,6921.093631685083,615759.6605875648
177,4517.147116978561,374788.49868223706,5112.112929111158,235859.04897621658
178,3340.1454525791373,328478.18457738764,3583.8064870802486,-96202.9420882513
